,time,slide,mix_time
0,0,slide_0001.jpg,0
1,36.53333333,slide_0002.jpg,67.06254167
2,164,slide_0003.jpg,240.041
3,408.6,slide_0004.jpg,567.4020208
