,time,slide,mix_time
0,0.0,slide_0001.jpg,0.0
1,36.53333333333333,slide_0002.jpg,67.06254166666666
2,164.0,slide_0003.jpg,240.041
3,408.6,slide_0004.jpg,567.4020208333334
